"id","source","matching","destination","type","category","status","ignore"
"","airline-baggage-rules/ryanair-carry-on-rules-2026/","exact","https://luggagefortravel.com/airline-baggage-rules/ryanair-carry-on-size-rules-2026/","301","","active",""
"","airline-baggage-rules/ryanair-carry-on-size-rules/","exact","https://luggagefortravel.com/airline-baggage-rules/ryanair-carry-on-size-rules-2026/","301","","active",""
"","airline-baggage-rules/best-carry-on-luggage-ryanair/","exact","https://luggagefortravel.com/airline-baggage-rules/best-ryanair-cabin-bag/","301","","active",""
"","luggage-reviews/best-personal-item-bag-for-ryanair/","exact","https://luggagefortravel.com/airline-baggage-rules/best-ryanair-cabin-bag/","301","","active",""
"","lufthansa-carry-on-size/","exact","https://luggagefortravel.com/airline-baggage-rules/lufthansa-carry-on-size-2026/","301","","active",""
"","best-carry-on-luggage-american/","exact","https://luggagefortravel.com/best-carry-on-luggage-american-airlines/","301","","active",""
"","best-carry-on-luggage-delta/","exact","https://luggagefortravel.com/airline-baggage-rules/best-carry-on-luggage-delta-airlines/","301","","active",""
"","airline-baggage-rules/best-carry-on-luggage-for-frontier-airlines-2024-complete-guide/","exact","https://luggagefortravel.com/airline-baggage-rules/best-carry-on-luggage-frontier-airlines/","301","","active",""
"","airline-baggage-rules/best-carry-on-luggage-frontier/","exact","https://luggagefortravel.com/airline-baggage-rules/best-carry-on-luggage-frontier-airlines/","301","","active",""
"","hawaiian-airlines/","exact","https://luggagefortravel.com/airline-baggage-rules/hawaiian-airlines-carry-on-size/","301","","active",""
"","best-carry-on-luggage-spirit-airlines/","exact","https://luggagefortravel.com/spirit-airlines-shutdown/","301","","active",""
"","airline-baggage-rules/best-underseat-bag-for-spirit-airlines/","exact","https://luggagefortravel.com/spirit-airlines-shutdown/","301","","active",""
"","airline-baggage-rules/spirit-airlines-personal-item-size-2026/","exact","https://luggagefortravel.com/spirit-airlines-shutdown/","301","","active",""
"","airline-baggage-fees/","exact","https://luggagefortravel.com/airline-baggage-fee-comparison/","301","","active",""
"","airline-baggage-rules/airline-carry-on-fees-comparison-2026/","exact","https://luggagefortravel.com/airline-baggage-fee-comparison/","301","","active",""
"","luggage-reviews/best-carry-on-luggage/","exact","https://luggagefortravel.com/luggage-reviews/best-carry-on-luggage-2026/","301","","active",""
"","destinations/","exact","https://luggagefortravel.com/travel-destinations/","301","","active",""
