Airline,Region,In scope,Fare / product,Code,Sold as,Under-seat / personal item,Max cm,Within 40x30x15,Weight kg,What changes on 23 Oct 2027,Bundled into a paid fare,Current add-on price (GBP),Price source URL,Enforcement
Ryanair,Europe,EU/EEA carrier,Free under-seat bag (all fares),personal_item,Entry fare,Yes,40 x 30 x 20,No — qualifies via the under-seat limb instead,,Free personal item — already provided,,,,extreme
Ryanair,Europe,EU/EEA carrier,Priority / paid overhead cabin bag,priority_cabin,Sold as an extra,,55 x 40 x 20,No — qualifies via the under-seat limb instead,10,Price unaffected — but must be in the default displayed fare (Art. 11a(1)),,,,extreme
Ryanair,Europe,EU/EEA carrier,Priority / paid overhead cabin bag — included personal item,priority_cabin__personal_item,Included in a fare,,40 x 30 x 20,No — qualifies via the under-seat limb instead,,Personal item bundled into a fare — must be free under Art. 11a(1),Yes,,,extreme
easyJet,Europe,EU/EEA carrier,Free under-seat bag (all fares),small_cabin,Entry fare,Yes,45 x 36 x 20,No — qualifies via the under-seat limb instead,15,Free personal item — already provided,,,,strict
easyJet,Europe,EU/EEA carrier,Large cabin bag (eligible fares / upgrade),large_cabin,Sold as an extra,,56 x 45 x 25,No — qualifies via the under-seat limb instead,15,Price unaffected — but must be in the default displayed fare (Art. 11a(1)),,,,strict
easyJet,Europe,EU/EEA carrier,Large cabin bag (eligible fares / upgrade) — included personal item,large_cabin__personal_item,Included in a fare,,45 x 36 x 20,No — qualifies via the under-seat limb instead,,Personal item bundled into a fare — must be free under Art. 11a(1),Yes,,,strict
Wizz Air,Europe,EU/EEA carrier,Free under-seat bag (all fares),personal_item,Entry fare,Yes,40 x 30 x 20,No — qualifies via the under-seat limb instead,10,Free personal item — already provided,,,,very
Wizz Air,Europe,EU/EEA carrier,WIZZ Priority trolley bag,priority_trolley,Sold as an extra,,55 x 40 x 23,No — qualifies via the under-seat limb instead,10,Price unaffected — but must be in the default displayed fare (Art. 11a(1)),,,,very
Wizz Air,Europe,EU/EEA carrier,WIZZ Priority trolley bag — included personal item,priority_trolley__personal_item,Included in a fare,,40 x 30 x 20,No — qualifies via the under-seat limb instead,,Personal item bundled into a fare — must be free under Art. 11a(1),Yes,,,very
British Airways,Europe,EU/EEA carrier,Cabin bag + hand bag (all fares),standard_cabin,Included in a fare,,56 x 45 x 25,No — qualifies via the under-seat limb instead,,Cabin bag included in this fare — no change,,,,moderate
British Airways,Europe,EU/EEA carrier,Cabin bag + hand bag (all fares) — included personal item,standard_cabin__personal_item,Included in a fare,,40 x 30 x 15,Yes,,Personal item bundled into a fare — must be free under Art. 11a(1),Yes,,,moderate
Lufthansa,Europe,EU/EEA carrier,Hand bag only (Economy Light fare),handbag_only,Entry fare,Yes,40 x 30 x 10,Yes,8,Free personal item — already provided,,,,moderate
Lufthansa,Europe,EU/EEA carrier,Cabin bag (Economy Classic and above),standard_cabin,Included in a fare,,55 x 40 x 23,No — qualifies via the under-seat limb instead,8,Cabin bag included in this fare — no change,,,,moderate
Lufthansa,Europe,EU/EEA carrier,Cabin bag (Economy Classic and above) — included personal item,standard_cabin__personal_item,Included in a fare,,40 x 30 x 10,Yes,,Personal item bundled into a fare — must be free under Art. 11a(1),Yes,,,moderate
Air France,Europe,EU/EEA carrier,Small cabin bag only (Light fare),personal_item,Entry fare,Yes,40 x 30 x 15,Yes,12,Free personal item — already provided,,,,moderate
Air France,Europe,EU/EEA carrier,Cabin bag (Classic and above),standard_cabin,Included in a fare,,55 x 35 x 25,No — qualifies via the under-seat limb instead,12,Cabin bag included in this fare — no change,,,,moderate
Air France,Europe,EU/EEA carrier,Cabin bag (Classic and above) — included personal item,standard_cabin__personal_item,Included in a fare,,40 x 30 x 15,Yes,,Personal item bundled into a fare — must be free under Art. 11a(1),Yes,,,moderate
KLM,Europe,EU/EEA carrier,Small cabin bag only (Light fare),personal_item,Entry fare,Yes,40 x 30 x 15,Yes,12,Free personal item — already provided,,,,moderate
KLM,Europe,EU/EEA carrier,Cabin bag (Standard and above),standard_cabin,Included in a fare,,55 x 35 x 25,No — qualifies via the under-seat limb instead,12,Cabin bag included in this fare — no change,,,,moderate
KLM,Europe,EU/EEA carrier,Cabin bag (Standard and above) — included personal item,standard_cabin__personal_item,Included in a fare,,40 x 30 x 15,Yes,,Personal item bundled into a fare — must be free under Art. 11a(1),Yes,,,moderate
Turkish Airlines,Europe,EU/EEA carrier,Cabin bag included,standard_cabin,Included in a fare,,55 x 40 x 23,No — qualifies via the under-seat limb instead,8,Cabin bag included in this fare — no change,,,,moderate
Turkish Airlines,Europe,EU/EEA carrier,Cabin bag included — included personal item,standard_cabin__personal_item,Included in a fare,,40 x 30 x 15,Yes,,Personal item bundled into a fare — must be free under Art. 11a(1),Yes,,,moderate
Norwegian Air,Europe,EU/EEA carrier,Small under-seat bag (LowFare),small_bag,Entry fare,Yes,25 x 33 x 20,No — qualifies via the under-seat limb instead,,Free personal item — already provided,,,,moderate
Norwegian Air,Europe,EU/EEA carrier,Cabin bag (LowFare+ and above),cabin_bag,Included in a fare,,55 x 40 x 23,No — qualifies via the under-seat limb instead,10,Cabin bag included in this fare — no change,,,,moderate
Norwegian Air,Europe,EU/EEA carrier,Cabin bag (LowFare+ and above) — included personal item,cabin_bag__personal_item,Included in a fare,,25 x 33 x 20,No — qualifies via the under-seat limb instead,,Personal item bundled into a fare — must be free under Art. 11a(1),Yes,,,moderate
Vueling,Europe,EU/EEA carrier,Small under-seat bag (Básico fare),small_bag,Entry fare,Yes,40 x 30 x 20,No — qualifies via the under-seat limb instead,10,Free personal item — already provided,,,,strict
Vueling,Europe,EU/EEA carrier,Cabin bag (Optima / TimeFlex),cabin_bag,Included in a fare,,55 x 40 x 20,No — qualifies via the under-seat limb instead,10,Cabin bag included in this fare — no change,,,,strict
Vueling,Europe,EU/EEA carrier,Cabin bag (Optima / TimeFlex) — included personal item,cabin_bag__personal_item,Included in a fare,,40 x 30 x 20,No — qualifies via the under-seat limb instead,,Personal item bundled into a fare — must be free under Art. 11a(1),Yes,,,strict
Iberia,Europe,EU/EEA carrier,Personal item only (Básico fare),personal_item,Entry fare,Yes,35 x 20 x 20,No — qualifies via the under-seat limb instead,,Free personal item — already provided,,,,moderate
Iberia,Europe,EU/EEA carrier,Cabin bag (Clásico and above),cabin_bag,Included in a fare,,56 x 40 x 25,No — qualifies via the under-seat limb instead,,Cabin bag included in this fare — no change,,,,moderate
Iberia,Europe,EU/EEA carrier,Cabin bag (Clásico and above) — included personal item,cabin_bag__personal_item,Included in a fare,,35 x 20 x 20,No — qualifies via the under-seat limb instead,,Personal item bundled into a fare — must be free under Art. 11a(1),Yes,,,moderate
SAS,Europe,EU/EEA carrier,Personal item only (SAS Go Light),personal_item,Entry fare,Yes,37 x 28 x 15,Yes,,Free personal item — already provided,,,,moderate
SAS,Europe,EU/EEA carrier,Cabin bag (SAS Go and above),cabin_bag,Included in a fare,,55 x 40 x 23,No — qualifies via the under-seat limb instead,8,Cabin bag included in this fare — no change,,,,moderate
SAS,Europe,EU/EEA carrier,Cabin bag (SAS Go and above) — included personal item,cabin_bag__personal_item,Included in a fare,,37 x 28 x 15,Yes,,Personal item bundled into a fare — must be free under Art. 11a(1),Yes,,,moderate
Swiss International Air Lines,Europe,EU/EEA carrier,Hand bag only (Economy Light),handbag,Entry fare,Yes,40 x 30 x 10,Yes,8,Free personal item — already provided,,,,moderate
Swiss International Air Lines,Europe,EU/EEA carrier,Cabin bag (Economy Classic and above),cabin_bag,Included in a fare,,55 x 40 x 23,No — qualifies via the under-seat limb instead,8,Cabin bag included in this fare — no change,,,,moderate
Swiss International Air Lines,Europe,EU/EEA carrier,Cabin bag (Economy Classic and above) — included personal item,cabin_bag__personal_item,Included in a fare,,40 x 30 x 10,Yes,,Personal item bundled into a fare — must be free under Art. 11a(1),Yes,,,moderate
Austrian Airlines,Europe,EU/EEA carrier,Hand bag only (Economy Light),handbag,Entry fare,Yes,40 x 30 x 10,Yes,8,Free personal item — already provided,,,,moderate
Austrian Airlines,Europe,EU/EEA carrier,Cabin bag (Economy Classic and above),cabin_bag,Included in a fare,,55 x 40 x 23,No — qualifies via the under-seat limb instead,8,Cabin bag included in this fare — no change,,,,moderate
Austrian Airlines,Europe,EU/EEA carrier,Cabin bag (Economy Classic and above) — included personal item,cabin_bag__personal_item,Included in a fare,,40 x 30 x 10,Yes,,Personal item bundled into a fare — must be free under Art. 11a(1),Yes,,,moderate
TAP Air Portugal,Europe,EU/EEA carrier,Personal item only (Discount fare),personal_item,Entry fare,Yes,40 x 30 x 15,Yes,,Free personal item — already provided,,,,moderate
TAP Air Portugal,Europe,EU/EEA carrier,Cabin bag (Basic and above),cabin_bag,Included in a fare,,55 x 40 x 20,No — qualifies via the under-seat limb instead,8,Cabin bag included in this fare — no change,,,,moderate
TAP Air Portugal,Europe,EU/EEA carrier,Cabin bag (Basic and above) — included personal item,cabin_bag__personal_item,Included in a fare,,40 x 30 x 15,Yes,,Personal item bundled into a fare — must be free under Art. 11a(1),Yes,,,moderate
Finnair,Europe,EU/EEA carrier,Personal item only (Superlight fare),personal_item,Entry fare,Yes,40 x 30 x 15,Yes,,Free personal item — already provided,,,,moderate
Finnair,Europe,EU/EEA carrier,Cabin bag (Light and above),cabin_bag,Included in a fare,,56 x 45 x 25,No — qualifies via the under-seat limb instead,8,Cabin bag included in this fare — no change,,,,moderate
Finnair,Europe,EU/EEA carrier,Cabin bag (Light and above) — included personal item,cabin_bag__personal_item,Included in a fare,,40 x 30 x 15,Yes,,Personal item bundled into a fare — must be free under Art. 11a(1),Yes,,,moderate
Aer Lingus,Europe,EU/EEA carrier,Small under-seat bag (Saver fare),small_bag,Entry fare,Yes,25 x 33 x 20,No — qualifies via the under-seat limb instead,,Free personal item — already provided,,,,strict
Aer Lingus,Europe,EU/EEA carrier,Cabin bag (Plus fare / Priority boarding),cabin_bag,Sold as an extra,,55 x 40 x 24,No — qualifies via the under-seat limb instead,10,Price unaffected — but must be in the default displayed fare (Art. 11a(1)),,,,strict
Aer Lingus,Europe,EU/EEA carrier,Cabin bag (Plus fare / Priority boarding) — included personal item,cabin_bag__personal_item,Included in a fare,,25 x 33 x 20,No — qualifies via the under-seat limb instead,,Personal item bundled into a fare — must be free under Art. 11a(1),Yes,,,strict
Jet2,Europe,EU/EEA carrier,Cabin bag included,standard_cabin,Included in a fare,,56 x 45 x 25,No — qualifies via the under-seat limb instead,10,Cabin bag included in this fare — no change,,,,moderate
TUI Airways,Europe,EU/EEA carrier,Cabin bag included,standard_cabin,Included in a fare,,55 x 40 x 20,No — qualifies via the under-seat limb instead,10,Cabin bag included in this fare — no change,,,,moderate
Delta Air Lines,North America,Non-EU carrier — EU departures only,Carry-on included,standard_cabin,Included in a fare,,56 x 36 x 23,No — qualifies via the under-seat limb instead,,Cabin bag included in this fare — no change,,,,moderate
Delta Air Lines,North America,Non-EU carrier — EU departures only,Carry-on included — included personal item,standard_cabin__personal_item,Included in a fare,,46 x 36 x 20,No — qualifies via the under-seat limb instead,,Personal item bundled into a fare — must be free under Art. 11a(1),Yes,,,moderate
American Airlines,North America,Non-EU carrier — EU departures only,Personal item only (Basic Economy domestic),personal_item,Entry fare,Yes,46 x 36 x 20,No — qualifies via the under-seat limb instead,,Free personal item — already provided,,,,moderate
American Airlines,North America,Non-EU carrier — EU departures only,Carry-on included,standard_cabin,Included in a fare,,56 x 36 x 23,No — qualifies via the under-seat limb instead,,Cabin bag included in this fare — no change,,,,moderate
American Airlines,North America,Non-EU carrier — EU departures only,Carry-on included — included personal item,standard_cabin__personal_item,Included in a fare,,46 x 36 x 20,No — qualifies via the under-seat limb instead,,Personal item bundled into a fare — must be free under Art. 11a(1),Yes,,,moderate
United Airlines,North America,Non-EU carrier — EU departures only,Personal item only (Basic Economy),personal_item,Entry fare,Yes,43 x 25 x 23,No — qualifies via the under-seat limb instead,,Free personal item — already provided,,,,moderate
United Airlines,North America,Non-EU carrier — EU departures only,Carry-on included,standard_cabin,Included in a fare,,56 x 35 x 23,No — qualifies via the under-seat limb instead,,Cabin bag included in this fare — no change,,,,moderate
United Airlines,North America,Non-EU carrier — EU departures only,Carry-on included — included personal item,standard_cabin__personal_item,Included in a fare,,43 x 25 x 23,No — qualifies via the under-seat limb instead,,Personal item bundled into a fare — must be free under Art. 11a(1),Yes,,,moderate
Southwest Airlines,North America,Non-EU carrier — EU departures only,Carry-on included,standard_cabin,Included in a fare,,61 x 41 x 25,No — qualifies via the under-seat limb instead,,Cabin bag included in this fare — no change,,,,relaxed
Southwest Airlines,North America,Non-EU carrier — EU departures only,Carry-on included — included personal item,standard_cabin__personal_item,Included in a fare,,47 x 22 x 34,No — qualifies via the under-seat limb instead,,Personal item bundled into a fare — must be free under Art. 11a(1),Yes,,,relaxed
Spirit Airlines,North America,Non-EU carrier — EU departures only,Personal item included (base fare),personal_item,Entry fare,Yes,45 x 35 x 20,No — qualifies via the under-seat limb instead,,Free personal item — already provided,,,,extreme
Spirit Airlines,North America,Non-EU carrier — EU departures only,Paid carry-on bag,paid_carry_on,Sold as an extra,,56 x 46 x 25,No — qualifies via the under-seat limb instead,,Price unaffected — but must be in the default displayed fare (Art. 11a(1)),,,,extreme
Spirit Airlines,North America,Non-EU carrier — EU departures only,Paid carry-on bag — included personal item,paid_carry_on__personal_item,Included in a fare,,45 x 35 x 20,No — qualifies via the under-seat limb instead,,Personal item bundled into a fare — must be free under Art. 11a(1),Yes,,,extreme
Frontier Airlines,North America,Non-EU carrier — EU departures only,Personal item included (base fare),personal_item,Entry fare,Yes,46 x 36 x 20,No — qualifies via the under-seat limb instead,,Free personal item — already provided,,,,extreme
Frontier Airlines,North America,Non-EU carrier — EU departures only,Paid carry-on bag,paid_carry_on,Sold as an extra,,61 x 41 x 25,No — qualifies via the under-seat limb instead,15.9,Price unaffected — but must be in the default displayed fare (Art. 11a(1)),,,,extreme
Frontier Airlines,North America,Non-EU carrier — EU departures only,Paid carry-on bag — included personal item,paid_carry_on__personal_item,Included in a fare,,46 x 36 x 20,No — qualifies via the under-seat limb instead,,Personal item bundled into a fare — must be free under Art. 11a(1),Yes,,,extreme
Allegiant Air,North America,Non-EU carrier — EU departures only,Personal item included (base fare),personal_item,Entry fare,Yes,41 x 38 x 18,No — qualifies via the under-seat limb instead,,Free personal item — already provided,,,,very
Allegiant Air,North America,Non-EU carrier — EU departures only,Paid carry-on bag,paid_carry_on,Sold as an extra,,56 x 36 x 23,No — qualifies via the under-seat limb instead,,Price unaffected — but must be in the default displayed fare (Art. 11a(1)),,,,very
Allegiant Air,North America,Non-EU carrier — EU departures only,Paid carry-on bag — included personal item,paid_carry_on__personal_item,Included in a fare,,41 x 38 x 18,No — qualifies via the under-seat limb instead,,Personal item bundled into a fare — must be free under Art. 11a(1),Yes,,,very
JetBlue,North America,Non-EU carrier — EU departures only,Personal item only (Blue Basic),personal_item,Entry fare,Yes,43 x 33 x 20,No — qualifies via the under-seat limb instead,,Free personal item — already provided,,,,moderate
JetBlue,North America,Non-EU carrier — EU departures only,Carry-on included (Blue and above),standard_cabin,Included in a fare,,56 x 36 x 23,No — qualifies via the under-seat limb instead,,Cabin bag included in this fare — no change,,,,moderate
JetBlue,North America,Non-EU carrier — EU departures only,Carry-on included (Blue and above) — included personal item,standard_cabin__personal_item,Included in a fare,,43 x 33 x 20,No — qualifies via the under-seat limb instead,,Personal item bundled into a fare — must be free under Art. 11a(1),Yes,,,moderate
Alaska Airlines,North America,Non-EU carrier — EU departures only,Carry-on included,standard_cabin,Included in a fare,,56 x 36 x 23,No — qualifies via the under-seat limb instead,,Cabin bag included in this fare — no change,,,,moderate
Alaska Airlines,North America,Non-EU carrier — EU departures only,Carry-on included — included personal item,standard_cabin__personal_item,Included in a fare,,43 x 33 x 15,No — qualifies via the under-seat limb instead,,Personal item bundled into a fare — must be free under Art. 11a(1),Yes,,,moderate
WestJet,North America,Non-EU carrier — EU departures only,Personal item only (EconoBasic),personal_item,Entry fare,Yes,41 x 15 x 33,No — qualifies via the under-seat limb instead,,Free personal item — already provided,,,,moderate
WestJet,North America,Non-EU carrier — EU departures only,Carry-on included (Econo and above),cabin_bag,Included in a fare,,55 x 39 x 23,No — qualifies via the under-seat limb instead,,Cabin bag included in this fare — no change,,,,moderate
WestJet,North America,Non-EU carrier — EU departures only,Carry-on included (Econo and above) — included personal item,cabin_bag__personal_item,Included in a fare,,41 x 15 x 33,No — qualifies via the under-seat limb instead,,Personal item bundled into a fare — must be free under Art. 11a(1),Yes,,,moderate
Air Canada,North America,Non-EU carrier — EU departures only,Personal item only (Basic fare),personal_item,Entry fare,Yes,43 x 33 x 16,No — qualifies via the under-seat limb instead,,Free personal item — already provided,,,,moderate
Air Canada,North America,Non-EU carrier — EU departures only,Carry-on included (Standard and above),cabin_bag,Included in a fare,,55 x 40 x 23,No — qualifies via the under-seat limb instead,,Cabin bag included in this fare — no change,,,,moderate
Air Canada,North America,Non-EU carrier — EU departures only,Carry-on included (Standard and above) — included personal item,cabin_bag__personal_item,Included in a fare,,43 x 33 x 16,No — qualifies via the under-seat limb instead,,Personal item bundled into a fare — must be free under Art. 11a(1),Yes,,,moderate
Aeromexico,Latin America,Non-EU carrier — EU departures only,Personal item only (AM Basic),personal_item,Entry fare,Yes,45 x 36 x 20,No — qualifies via the under-seat limb instead,,Free personal item — already provided,,,,moderate
Aeromexico,Latin America,Non-EU carrier — EU departures only,Cabin bag (AM Choice and above),cabin_bag,Included in a fare,,55 x 40 x 25,No — qualifies via the under-seat limb instead,10,Cabin bag included in this fare — no change,,,,moderate
Aeromexico,Latin America,Non-EU carrier — EU departures only,Cabin bag (AM Choice and above) — included personal item,cabin_bag__personal_item,Included in a fare,,45 x 36 x 20,No — qualifies via the under-seat limb instead,,Personal item bundled into a fare — must be free under Art. 11a(1),Yes,,,moderate
LATAM Airlines,Latin America,Non-EU carrier — EU departures only,Personal item only (Economy Lite),personal_item,Entry fare,Yes,45 x 35 x 25,No — qualifies via the under-seat limb instead,,Free personal item — already provided,,,,moderate
LATAM Airlines,Latin America,Non-EU carrier — EU departures only,Cabin bag (Economy Light and above),cabin_bag,Included in a fare,,55 x 35 x 25,No — qualifies via the under-seat limb instead,8,Cabin bag included in this fare — no change,,,,moderate
LATAM Airlines,Latin America,Non-EU carrier — EU departures only,Cabin bag (Economy Light and above) — included personal item,cabin_bag__personal_item,Included in a fare,,45 x 35 x 25,No — qualifies via the under-seat limb instead,,Personal item bundled into a fare — must be free under Art. 11a(1),Yes,,,moderate
Avianca,Latin America,Non-EU carrier — EU departures only,Personal item only (Go Lite),personal_item,Entry fare,Yes,45 x 35 x 20,No — qualifies via the under-seat limb instead,,Free personal item — already provided,,,,moderate
Avianca,Latin America,Non-EU carrier — EU departures only,Cabin bag (Básico and above),cabin_bag,Included in a fare,,55 x 35 x 25,No — qualifies via the under-seat limb instead,10,Cabin bag included in this fare — no change,,,,moderate
Avianca,Latin America,Non-EU carrier — EU departures only,Cabin bag (Básico and above) — included personal item,cabin_bag__personal_item,Included in a fare,,45 x 35 x 20,No — qualifies via the under-seat limb instead,,Personal item bundled into a fare — must be free under Art. 11a(1),Yes,,,moderate
Copa Airlines,Latin America,Non-EU carrier — EU departures only,Carry-on included,standard_cabin,Included in a fare,,56 x 35 x 23,No — qualifies via the under-seat limb instead,10,Cabin bag included in this fare — no change,,,,moderate
Copa Airlines,Latin America,Non-EU carrier — EU departures only,Carry-on included — included personal item,standard_cabin__personal_item,Included in a fare,,45 x 35 x 20,No — qualifies via the under-seat limb instead,,Personal item bundled into a fare — must be free under Art. 11a(1),Yes,,,moderate
Emirates,Middle East,Non-EU carrier — EU departures only,Economy cabin bag,economy_cabin,Included in a fare,,55 x 38 x 22,No — qualifies via the under-seat limb instead,7,Cabin bag included in this fare — no change,,,,moderate
Qatar Airways,Middle East,Non-EU carrier — EU departures only,Cabin bag included,standard_cabin,Included in a fare,,50 x 37 x 25,No — qualifies via the under-seat limb instead,7,Cabin bag included in this fare — no change,,,,moderate
Etihad Airways,Middle East,Non-EU carrier — EU departures only,Cabin bag included,standard_cabin,Included in a fare,,56 x 36 x 23,No — qualifies via the under-seat limb instead,7,Cabin bag included in this fare — no change,,,,moderate
flydubai,Middle East,Non-EU carrier — EU departures only,Under-seat bag only (Economy Lite),lite_bag,Entry fare,Yes,55 x 38 x 20,No — qualifies via the under-seat limb instead,7,Free personal item — already provided,,,,strict
flydubai,Middle East,Non-EU carrier — EU departures only,Cabin bag (Economy Value and above),cabin_bag,Included in a fare,,55 x 38 x 20,No — qualifies via the under-seat limb instead,7,Cabin bag included in this fare — no change,,,,strict
Singapore Airlines,Asia Pacific,Non-EU carrier — EU departures only,Cabin bag included,standard_cabin,Included in a fare,,56 x 40 x 20,No — qualifies via the under-seat limb instead,7,Cabin bag included in this fare — no change,,,,moderate
Cathay Pacific,Asia Pacific,Non-EU carrier — EU departures only,Cabin bag included,standard_cabin,Included in a fare,,56 x 36 x 23,No — qualifies via the under-seat limb instead,7,Cabin bag included in this fare — no change,,,,moderate
Qantas,Asia Pacific,Non-EU carrier — EU departures only,Cabin bag included,standard_cabin,Included in a fare,,56 x 36 x 23,No — qualifies via the under-seat limb instead,7,Cabin bag included in this fare — no change,,,,moderate
Air New Zealand,Asia Pacific,Non-EU carrier — EU departures only,Cabin bag included,standard_cabin,Included in a fare,,56 x 36 x 23,No — qualifies via the under-seat limb instead,7,Cabin bag included in this fare — no change,,,,moderate
Japan Airlines (JAL),Asia Pacific,Non-EU carrier — EU departures only,Cabin bag included,standard_cabin,Included in a fare,,55 x 40 x 25,No — qualifies via the under-seat limb instead,10,Cabin bag included in this fare — no change,,,,moderate
ANA (All Nippon Airways),Asia Pacific,Non-EU carrier — EU departures only,Cabin bag included,standard_cabin,Included in a fare,,55 x 40 x 25,No — qualifies via the under-seat limb instead,10,Cabin bag included in this fare — no change,,,,moderate
Korean Air,Asia Pacific,Non-EU carrier — EU departures only,Cabin bag included,standard_cabin,Included in a fare,,55 x 40 x 20,No — qualifies via the under-seat limb instead,10,Cabin bag included in this fare — no change,,,,moderate
AirAsia,Asia Pacific,Non-EU carrier — EU departures only,Cabin bag allowance (all items combined),cabin_bag,Included in a fare,,56 x 36 x 23,No — qualifies via the under-seat limb instead,7,Cabin bag included in this fare — no change,,,,strict
IndiGo,Asia Pacific,Non-EU carrier — EU departures only,Cabin bag included,standard_cabin,Included in a fare,,55 x 35 x 25,No — qualifies via the under-seat limb instead,7,Cabin bag included in this fare — no change,,,,strict
Scoot,Asia Pacific,Non-EU carrier — EU departures only,Personal items only (Fly fare),no_carry_on,Entry fare,Yes,35 x 25 x 15,Yes,,Free personal item — already provided,,,,strict
Scoot,Asia Pacific,Non-EU carrier — EU departures only,Cabin bag (FlyBag / FlyBagEat),cabin_bag,Included in a fare,,54 x 38 x 23,No — qualifies via the under-seat limb instead,10,Cabin bag included in this fare — no change,,,,strict
Scoot,Asia Pacific,Non-EU carrier — EU departures only,Cabin bag (FlyBag / FlyBagEat) — included personal item,cabin_bag__personal_item,Included in a fare,,35 x 25 x 15,Yes,,Personal item bundled into a fare — must be free under Art. 11a(1),Yes,,,strict
Air India,Asia Pacific,Non-EU carrier — EU departures only,Cabin bag included,standard_cabin,Included in a fare,,55 x 35 x 25,No — qualifies via the under-seat limb instead,8,Cabin bag included in this fare — no change,,,,moderate
Thai Airways,Asia Pacific,Non-EU carrier — EU departures only,Cabin bag included,standard_cabin,Included in a fare,,56 x 45 x 25,No — qualifies via the under-seat limb instead,7,Cabin bag included in this fare — no change,,,,moderate
Malaysia Airlines,Asia Pacific,Non-EU carrier — EU departures only,Cabin bag included,standard_cabin,Included in a fare,,56 x 36 x 23,No — qualifies via the under-seat limb instead,7,Cabin bag included in this fare — no change,,,,moderate
