Airline,Region,In scope,Fare / product,Code,Free or paid (derived),Max cm,Linear cm,Weight kg,Meets the free 40x30x15 floor,cm vs the free 100cm entitlement,What changes on 23 Oct 2027,Under-seat / personal item,Bundled into a paid fare,Current add-on price (GBP),Price source URL,Enforcement
Lufthansa,Europe,EU/EEA carrier,Hand bag only (Economy Light fare),handbag_only,Unclear — check label,40 x 30 x 10,80,8,NO — below the floor,-20,MUST INCREASE — free allowance is below 40x30x15,,,,,moderate
Norwegian Air,Europe,EU/EEA carrier,Small under-seat bag (LowFare),small_bag,Unclear — check label,25 x 33 x 20,78,,NO — below the floor,-22,MUST INCREASE — free allowance is below 40x30x15,Yes,,,,moderate
Iberia,Europe,EU/EEA carrier,Personal item only (Básico fare),personal_item,Unclear — check label,35 x 20 x 20,75,,NO — below the floor,-25,MUST INCREASE — free allowance is below 40x30x15,Yes,,,,moderate
SAS,Europe,EU/EEA carrier,Personal item only (SAS Go Light),personal_item,Unclear — check label,37 x 28 x 15,80,,NO — below the floor,-20,MUST INCREASE — free allowance is below 40x30x15,Yes,,,,moderate
Swiss International Air Lines,Europe,EU/EEA carrier,Hand bag only (Economy Light),handbag,Unclear — check label,40 x 30 x 10,80,8,NO — below the floor,-20,MUST INCREASE — free allowance is below 40x30x15,,,,,moderate
Austrian Airlines,Europe,EU/EEA carrier,Hand bag only (Economy Light),handbag,Unclear — check label,40 x 30 x 10,80,8,NO — below the floor,-20,MUST INCREASE — free allowance is below 40x30x15,,,,,moderate
Aer Lingus,Europe,EU/EEA carrier,Small under-seat bag (Saver fare),small_bag,Unclear — check label,25 x 33 x 20,78,,NO — below the floor,-22,MUST INCREASE — free allowance is below 40x30x15,Yes,,,,strict
United Airlines,North America,Non-EU carrier — EU departures only,Personal item only (Basic Economy),personal_item,Unclear — check label,43 x 25 x 23,91,,NO — below the floor,-9,MUST INCREASE — free allowance is below 40x30x15,Yes,,,,moderate
Scoot,Asia Pacific,Non-EU carrier — EU departures only,Personal items only (Fly fare),no_carry_on,Unclear — check label,35 x 25 x 15,75,,NO — below the floor,-25,MUST INCREASE — free allowance is below 40x30x15,,,,,strict
