page,clicks,impressions,position
/,0,4,3
/about/,0,3,3
/accommodation-guide/,0,1,4
/affiliate-disclosure/,0,9,39.1
/airline-baggage-fee-comparison/,0,20,19.5
/airline-baggage-fees/,0,4,29.8
/airline-baggage-rules/,0,4,63.8
/airline-baggage-rules/airline-carry-on-fees-comparison-2026/,0,2,37.5
/airline-baggage-rules/airlines-that-charge-for-carry-on/,0,7,47.7
/airline-baggage-rules/airlines-weighing-ai-scanning-carry-ons-2026/,0,1,45
/airline-baggage-rules/alaska-airlines-carry-on-size/,0,36,18.4
/airline-baggage-rules/american-airlines-carry-on-size/,0,62,18.1
/airline-baggage-rules/best-carry-on-luggage-allegiant-air/,0,1,66
/airline-baggage-rules/best-carry-on-luggage-delta-airlines/,0,5,20.2
/airline-baggage-rules/best-carry-on-luggage-for-frontier-airlines-2024-complete-guide/,0,7,16
/airline-baggage-rules/best-carry-on-luggage-frontier/,0,2,61.5
/airline-baggage-rules/best-carry-on-luggage-ryanair/,0,17,68.3
/airline-baggage-rules/best-easyjet-cabin-bag/,0,4,47
/airline-baggage-rules/best-luggage-for-budget-airlines-complete-comparison-2026/,0,1,71
/airline-baggage-rules/best-ryanair-cabin-bag/,0,29,29.1
/airline-baggage-rules/best-underseat-bag-for-spirit-airlines/,0,1,68
/airline-baggage-rules/best-wizz-air-cabin-bag/,0,16,38.1
/airline-baggage-rules/british-airways-carry-on-size-2026/,0,2,65
/airline-baggage-rules/carry-on-size-limits-2026/,0,1,10
/airline-baggage-rules/easyjet-carry-on-size-rules-2026-complete-guide/,0,169,65.6
/airline-baggage-rules/emirates-carry-on-size-2026/,0,4,19.5
/airline-baggage-rules/frontier-airlines-carry-on-size/,0,59,41.1
/airline-baggage-rules/hawaiian-airlines-carry-on-size/,0,1,2
/airline-baggage-rules/how-strict-are-airlines-about-carry-on-size/,0,5,25.8
/airline-baggage-rules/jetblue-carry-on-size/,0,7,52.9
/airline-baggage-rules/lufthansa-carry-on-size-2026/,0,22,35
/airline-baggage-rules/ryanair-carry-on-rules-2026/,0,8,31.4
/airline-baggage-rules/ryanair-carry-on-size-rules-2026/,0,47,55.9
/airline-baggage-rules/ryanair-carry-on-size-rules/,0,4,70.3
/airline-baggage-rules/southwest-airlines-carry-on-size/,0,7,39.7
/airline-baggage-rules/spirit-airlines-personal-item-size-2026/,0,3,10.3
/airline-baggage-rules/united-airlines-carry-on-size-2026/,0,49,44.5
/airline-baggage-rules/united-new-bag-sizers-gate-enforcement/,0,5,9.6
/airline-baggage-rules/us-airline-checked-bag-fees-2026/,0,1,19
/airline-baggage-rules/wizz-air-carry-on-size-rules-2026/,0,16,30.9
/best-areas-to-stay-in-lisbon/,0,1,41
/best-areas-to-stay-in-paris/,0,1,39
/best-carry-on-luggage-american-airlines/,0,3,36.3
/best-carry-on-luggage-american/,0,1,22
/best-carry-on-luggage-delta/,0,1,26
/best-carry-on-luggage-for-alaska-airlines/,0,3,30
/best-carry-on-luggage-jetblue/,0,1,29
/best-carry-on-luggage-southwest/,0,3,15
/best-carry-on-luggage-spirit-airlines/,0,2,24
/best-carry-on-luggage-united/,0,5,18.8
/best-hotels-in-lisbon-by-budget/,0,1,42
/best-hotels-in-lisbon/,0,7,14.3
/best-hotels-near-heathrow-airport/,0,84,73.5
/best-hotels-near-luton-airport/,0,11,39.9
/best-hotels-near-manchester-airport/,0,2,32.5
/best-hotels-near-stansted-airport/,0,1,24
/best-hotels-paris-budget/,0,7,51.7
/best-luggage-europe/,0,10,43
/best-luggage-reviews/,0,5,6
/best-vpn-for-travelers/,0,1,12
/budget-travel-gear/best-lightweight-luggage-under-100/,0,2,27
/carry-on-size-by-airline/,0,20,26.3
/carry-on-size-checker/,0,3,53
/contact/,0,1,2
/delta-carry-on-size/,0,6,38.7
/hawaiian-airlines/,0,2,10.5
/hotels-near-heathrow-airport/,0,5,63.8
/lufthansa-carry-on-size/,0,7,24.3
/luggage-guide/,0,5,17.8
/luggage-reviews/best-18x14x8-bags/,0,43,31.4
/luggage-reviews/best-budget-luggage-2026/,0,5,15.8
/luggage-reviews/best-carry-on-22x14x9/,0,34,22.2
/luggage-reviews/best-carry-on-luggage-2026/,0,3,3
/luggage-reviews/best-carry-on-luggage/,0,2,5.5
/luggage-reviews/best-checked-luggage-2026/,0,5,12.4
/luggage-reviews/best-lightweight-carry-on-under-7kg/,0,17,51.4
/luggage-reviews/best-lightweight-luggage-2026/,0,3,8.7
/luggage-reviews/best-luggage-international-travel-2026/,0,5,5.6
/luggage-reviews/best-personal-item-bag-for-ryanair/,0,4,39
/luggage-reviews/best-underseat-bags-budget-airlines/,0,3,17.7
/packing-guides/how-to-pack-light-for-a-week/,0,1,65
/packing-guides/tsa-liquid-rules-2026/,0,1,89
/paris-metro-guide/,0,17,74.1
/paris-packing-checklist/,0,3,37.3
/prague-packing-checklist/,0,2,1
/top-things-to-do-in-lisbon/,0,1,34
/top-things-to-do-in-prague/,0,2,62.5
/travel-destinations/,0,1,3
/travel-money-guide/,0,1,8
/travel-rules-guide/,0,7,33
/travel-tech-guide/,0,4,8.5
/trip-planning-guide/,0,5,18.4
/where-to-stay-in-lisbon/,0,1,31
/where-to-stay-in-london/,0,1,32
/where-to-stay-in-paris/,0,2,20.5
/where-to-stay-in-prague/,0,1,28
